alpha,beta,total,emerg_kwh,mode
1.18,0.95,20816213.531302087,746513.8413086588,A
1.0,1.0,25923589.54712574,2931172.50742257,B
1.1,1.0,21404149.20991678,1513646.6879486497,B
1.15,0.9,19974036.124833845,713738.1073274396,B
1.15,0.95,19994985.92169135,852042.6816570279,B
1.15,1.0,20305795.637898102,1034094.8636816235,B
1.18,0.9,20001408.987522308,548758.560360424,B
1.18,0.95,19859809.228307255,659994.5556015655,B
1.18,1.0,19961437.638065062,810086.9482141307,B
1.2,0.95,19850365.201060455,549772.2918958139,B
1.2,1.0,19837703.9735668,681871.8594963426,B
